547.76043701;	2.98039222
547.76043701;	2.90196085
547.76043701;	2.94117641
547.76043701;	3.01960778
547.77270508;	3.01960778
547.77270508;	3.00000000
547.77270508;	2.94117641
547.77270508;	2.90196085
547.78100586;	2.96078420
547.78100586;	2.94117641
547.79315186;	2.92156863
547.79315186;	2.96078420
547.79315186;	2.90196085
547.79315186;	2.74509811
547.80548096;	2.76470590
547.80548096;	2.74509811
547.80548096;	2.68627453
547.80548096;	2.58823538
547.81787109;	2.60784316
547.81787109;	2.80392146
547.81787109;	3.03921580
547.81787109;	3.13725495
547.83007813;	3.15686274
547.83007813;	3.13725495
547.83007813;	3.09803915
547.83007813;	3.01960778
547.83831787;	2.92156863
547.83831787;	2.80392146
547.83831787;	2.74509811
547.85095215;	2.66666675
547.85095215;	2.66666675
547.85095215;	2.92156863
547.85095215;	3.03921580
547.86334229;	3.03921580
547.86334229;	3.07843137
547.86334229;	3.13725495
547.86334229;	3.05882359
547.87512207;	2.92156863
547.87512207;	2.74509811
547.87512207;	2.70588231
547.87512207;	2.80392146
547.88330078;	2.84313726
547.88330078;	2.72549009
547.88330078;	2.74509811
547.89562988;	2.90196085
547.89562988;	2.98039222
547.89562988;	2.94117641
547.89562988;	3.00000000
547.90789795;	2.98039222
547.90789795;	2.84313726
547.90789795;	2.76470590
547.90789795;	2.70588231
547.92022705;	2.64705873
547.92022705;	2.62745094
547.92022705;	2.76470590
547.92022705;	2.88235283
547.92834473;	3.00000000
547.92834473;	3.03921580
547.92834473;	2.90196085
547.94067383;	2.70588231
547.94067383;	2.66666675
547.94067383;	2.74509811
547.94067383;	2.88235283
547.95300293;	2.98039222
547.95300293;	2.94117641
547.95300293;	2.82352948
547.95300293;	2.86274505
547.96533203;	2.94117641
547.96533203;	2.98039222
547.96533203;	2.98039222
547.96533203;	2.98039222
547.97351074;	3.03921580
547.97351074;	2.96078420
547.97351074;	2.82352948
547.98565674;	2.72549009
547.98565674;	2.62745094
547.98565674;	2.64705873
547.98565674;	2.78431368
547.99804688;	2.92156863
547.99804688;	3.01960778
547.99804688;	3.07843137
547.99804688;	2.94117641
548.01037598;	2.76470590
548.01037598;	2.74509811
548.01037598;	2.80392146
548.01037598;	2.90196085
548.01849365;	2.96078420
548.01849365;	3.05882359
548.01849365;	2.98039222
548.03076172;	2.74509811
548.03076172;	2.64705873
548.03076172;	2.70588231
548.03076172;	2.82352948
548.04309082;	2.88235283
548.04309082;	2.82352948
548.04309082;	2.88235283
548.04309082;	2.84313726
548.05541992;	2.86274505
548.05541992;	2.86274505
548.05541992;	2.92156863
548.05541992;	2.94117641
548.06359863;	2.86274505
548.06359863;	2.74509811
548.06359863;	2.64705873
548.07592773;	2.68627453
548.07592773;	2.82352948
548.07592773;	2.88235283
548.07592773;	2.84313726
548.08819580;	2.98039222
548.08819580;	3.03921580
548.08819580;	3.03921580
548.08819580;	2.96078420
548.10046387;	2.82352948
548.10046387;	2.68627453
548.10046387;	2.52941179
548.10046387;	2.50980401
548.10858154;	2.62745094
548.10858154;	2.70588231
548.10858154;	2.82352948
548.12091064;	2.96078420
548.12091064;	3.01960778
548.12091064;	3.03921580
548.12091064;	2.98039222
548.13311768;	2.84313726
548.13311768;	2.60784316
548.13311768;	2.62745094
548.13311768;	2.70588231
548.14544678;	2.84313726
548.14544678;	2.92156863
548.14544678;	2.90196085
548.14544678;	2.84313726
548.15374756;	2.92156863
548.15374756;	3.01960778
548.16607666;	2.80392146
548.16607666;	2.68627453
548.16607666;	2.68627453
548.16607666;	2.78431368
548.17834473;	2.78431368
548.17834473;	2.66666675
548.17834473;	2.74509811
548.17834473;	2.88235283
548.19055176;	2.96078420
548.19055176;	2.98039222
548.19055176;	2.96078420
548.19055176;	2.84313726
548.19873047;	2.74509811
548.19873047;	2.74509811
548.21112061;	2.64705873
548.21112061;	2.60784316
548.21112061;	2.58823538
548.21112061;	2.56862736
548.22326660;	2.58823538
548.22326660;	2.70588231
548.22326660;	2.82352948
548.22326660;	2.88235283
548.23559570;	2.80392146
548.23559570;	2.62745094
548.23559570;	2.54901958
548.23559570;	2.54901958
548.24383545;	2.52941179
548.24383545;	2.54901958
548.25610352;	2.68627453
548.25610352;	2.64705873
548.25610352;	2.64705873
548.25610352;	2.58823538
548.26843262;	2.60784316
548.26843262;	2.68627453
548.26843262;	2.72549009
548.26843262;	2.70588231
548.28063965;	2.62745094
548.28063965;	2.58823538
548.28063965;	2.64705873
548.28063965;	2.72549009
548.29296875;	2.68627453
548.29296875;	2.58823538
548.29296875;	2.50980401
548.29296875;	2.49019599
548.30114746;	2.58823538
548.30114746;	2.68627453
548.30114746;	2.74509811
548.31353760;	2.76470590
548.31353760;	2.45098042
548.31353760;	2.23529410
548.31353760;	2.31372547
548.32623291;	2.50980401
548.32623291;	2.68627453
548.32623291;	2.64705873
548.32623291;	2.54901958
548.33801270;	2.64705873
548.33801270;	2.62745094
548.33801270;	2.45098042
548.33801270;	2.37254906
548.34625244;	2.39215684
548.34625244;	2.66666675
548.34625244;	2.82352948
548.35852051;	2.82352948
548.35852051;	2.90196085
548.35852051;	2.84313726
548.35852051;	2.56862736
548.37084961;	2.41176462
548.37084961;	2.45098042
548.37084961;	2.50980401
548.37084961;	2.45098042
548.38305664;	2.45098042
548.38305664;	2.45098042
548.38305664;	2.45098042
548.38305664;	2.47058821
548.39129639;	2.54901958
548.39129639;	2.60784316
548.39129639;	2.60784316
548.40362549;	2.58823538
548.40362549;	2.54901958
548.40362549;	2.56862736
548.40362549;	2.60784316
548.41589355;	2.60784316
548.41589355;	2.54901958
548.41589355;	2.52941179
548.41589355;	2.41176462
548.42816162;	2.41176462
548.42816162;	2.49019599
548.42816162;	2.64705873
548.42816162;	2.78431368
548.43634033;	2.74509811
548.43634033;	2.72549009
548.43634033;	2.72549009
548.44854736;	2.52941179
548.44854736;	2.52941179
548.44854736;	2.54901958
548.44854736;	2.56862736
548.46087646;	2.49019599
548.46087646;	2.52941179
548.46087646;	2.64705873
548.46087646;	2.68627453
548.47314453;	2.70588231
548.47314453;	2.70588231
548.47314453;	2.66666675
548.47314453;	2.43137264
548.48144531;	2.27450991
548.48144531;	2.21568632
548.48144531;	2.25490189
548.49371338;	2.17647052
548.49371338;	2.15686274
548.49371338;	2.39215684
548.49371338;	2.62745094
548.50598145;	2.82352948
548.50598145;	2.86274505
548.50598145;	2.94117641
548.50598145;	2.78431368
548.51831055;	2.58823538
548.51831055;	2.52941179
548.51831055;	2.50980401
548.51831055;	2.41176462
548.52648926;	2.15686274
548.52648926;	2.17647052
548.52648926;	2.49019599
548.53881836;	2.70588231
548.53881836;	2.80392146
548.53881836;	2.76470590
548.53881836;	2.68627453
548.55102539;	2.56862736
548.55102539;	2.47058821
548.55102539;	2.52941179
548.55102539;	2.62745094
548.56341553;	2.64705873
548.56341553;	2.70588231
548.56341553;	2.54901958
548.56341553;	2.31372547
548.57159424;	2.29411769
548.57159424;	2.41176462
548.57159424;	2.54901958
548.58398438;	2.52941179
548.58398438;	2.54901958
548.58398438;	2.39215684
548.58398438;	2.25490189
548.59606934;	2.37254906
548.59606934;	2.50980401
548.59606934;	2.58823538
548.59606934;	2.76470590
548.60845947;	2.66666675
548.60845947;	2.62745094
548.60845947;	2.50980401
548.60845947;	2.35294127
548.61651611;	2.41176462
548.61651611;	2.49019599
548.61651611;	2.52941179
548.62884521;	2.58823538
548.62884521;	2.62745094
548.62884521;	2.68627453
548.62884521;	2.76470590
548.64117432;	2.76470590
548.64117432;	2.74509811
548.64117432;	2.74509811
548.64117432;	2.56862736
548.65344238;	2.31372547
548.65344238;	2.21568632
548.65344238;	2.23529410
548.65344238;	2.37254906
548.66168213;	2.47058821
548.66168213;	2.49019599
548.67401123;	2.64705873
548.67401123;	2.64705873
548.67401123;	2.52941179
548.67401123;	2.33333325
548.68634033;	2.33333325
548.68634033;	2.37254906
548.68634033;	2.43137264
548.68634033;	2.39215684
548.69879150;	2.43137264
548.69879150;	2.45098042
548.69879150;	2.62745094
548.69879150;	2.60784316
548.70721436;	2.52941179
548.70721436;	2.54901958
548.71905518;	2.43137264
548.71905518;	2.35294127
548.71905518;	2.31372547
548.71905518;	2.33333325
548.73126221;	2.49019599
548.73126221;	2.68627453
548.73126221;	2.80392146
548.73126221;	2.74509811
548.74359131;	2.74509811
548.74359131;	2.66666675
548.74359131;	2.54901958
548.74359131;	2.45098042
548.75183105;	2.39215684
548.75183105;	2.21568632
548.76409912;	2.17647052
548.76409912;	2.37254906
548.76409912;	2.45098042
548.76409912;	2.47058821
548.77636719;	2.54901958
548.77636719;	2.56862736
548.77636719;	2.41176462
548.77636719;	2.33333325
548.78869629;	2.37254906
548.78869629;	2.31372547
548.78869629;	2.25490189
548.78869629;	2.49019599
548.80090332;	2.56862736
548.80090332;	2.62745094
548.80090332;	2.66666675
548.80090332;	2.68627453
548.80908203;	2.56862736
548.80908203;	2.39215684
548.80908203;	2.27450991
548.82141113;	2.31372547
548.82141113;	2.41176462
548.82141113;	2.43137264
548.82141113;	2.49019599
548.83374023;	2.52941179
548.83374023;	2.56862736
548.83374023;	2.56862736
548.83374023;	2.47058821
548.84600830;	2.45098042
548.84600830;	2.35294127
548.84600830;	2.23529410
548.84600830;	2.25490189
548.85424805;	2.27450991
548.85424805;	2.09803915
548.85424805;	2.05882359
548.86651611;	2.21568632
548.86651611;	2.47058821
548.86651611;	2.58823538
548.86651611;	2.62745094
548.87902832;	2.70588231
548.87902832;	2.62745094
548.87902832;	2.50980401
548.87902832;	2.47058821
548.89105225;	2.31372547
548.89105225;	2.03921580
548.89105225;	2.00000000
548.89105225;	2.23529410
548.89923096;	2.45098042
548.89923096;	2.56862736
548.89923096;	2.64705873
548.91156006;	2.64705873
548.91156006;	2.49019599
548.91156006;	2.39215684
548.91156006;	2.35294127
548.92388916;	2.29411769
548.92388916;	2.19607854
548.92388916;	2.13725495
548.92388916;	2.03921580
548.93609619;	1.94117641
548.93609619;	2.00000000
548.93609619;	2.15686274
548.93609619;	2.15686274
548.94433594;	2.31372547
548.94433594;	2.64705873
548.94433594;	2.82352948
548.95660400;	2.84313726
548.95660400;	2.17647052
548.95660400;	1.68627453
548.95660400;	1.88235295
548.96881104;	2.39215684
548.96881104;	2.70588231
548.96881104;	2.78431368
548.96881104;	2.90196085
548.98120117;	3.00000000
548.98120117;	2.54901958
548.98120117;	2.23529410
548.98120117;	1.76470590
548.98937988;	1.64705884
548.98937988;	2.07843137
548.98937988;	2.35294127
549.00164795;	2.52941179
549.00164795;	2.70588231
549.00164795;	2.62745094
549.00164795;	2.72549009
549.01403809;	2.60784316
549.01403809;	2.43137264
549.01403809;	2.31372547
549.01403809;	2.35294127
549.02624512;	2.35294127
549.02624512;	2.01960778
549.02624512;	2.13725495
549.02624512;	2.39215684
549.03448486;	2.29411769
549.03448486;	2.39215684
549.03448486;	2.54901958
549.04675293;	2.80392146
549.04675293;	2.80392146
549.04675293;	2.29411769
549.04675293;	1.76470590
549.05902100;	1.82352936
549.05902100;	2.09803915
549.05902100;	2.56862736
549.05902100;	2.82352948
549.07128906;	2.41176462
549.07128906;	2.39215684
549.07128906;	2.45098042
549.07128906;	2.60784316
549.07946777;	2.49019599
549.07946777;	2.43137264
549.07946777;	2.43137264
549.09173584;	2.33333325
549.09173584;	1.86274505
549.09173584;	1.39215684
549.09173584;	1.86274505
549.10412598;	2.23529410
549.10412598;	2.54901958
549.10412598;	3.01960778
549.10412598;	3.23529410
549.11633301;	3.19607854
549.11633301;	2.72549009
549.11633301;	2.09803915
549.11633301;	1.50980389
549.12457275;	1.66666663
549.12457275;	2.29411769
549.12457275;	2.49019599
549.13684082;	2.33333325
549.13684082;	2.45098042
549.13684082;	2.68627453
549.13684082;	2.80392146
549.14904785;	2.52941179
549.14904785;	0.98039216
549.14904785;	1.27450979
549.14904785;	2.39215684
549.16137695;	2.49019599
549.16137695;	2.03921580
549.16137695;	2.01960778
549.16137695;	1.70588231
549.16961670;	0.41176471
549.16961670;	0.76470590
549.18194580;	3.60784316
549.18194580;	2.60784316
549.18194580;	2.15686274
549.18194580;	3.15686274
549.19415283;	1.41176474
549.19415283;	1.35294116
549.19415283;	2.98039222
549.19415283;	3.47058821
549.20648193;	1.50980389
549.20648193;	0.41176471
549.20648193;	2.74509811
549.20648193;	3.96078420
549.21466064;	3.23529410
549.21466064;	1.76470590
549.22692871;	0.58823532
549.22692871;	2.29411769
549.22692871;	3.94117641
549.22692871;	4.54901981
549.23925781;	4.98039198
549.23925781;	4.27450991
549.23925781;	2.86274505
549.23925781;	1.39215684
549.25152588;	1.70588231
549.25152588;	3.01960778
549.25152588;	3.74509811
549.25152588;	3.86274505
549.25976563;	3.62745094
549.25976563;	3.03921580
549.27215576;	1.54901958
549.27215576;	1.52941179
549.27215576;	1.76470590
549.27215576;	1.88235295
549.28436279;	2.29411769
549.28436279;	2.60784316
549.28436279;	2.62745094
549.28436279;	2.62745094
549.29693604;	2.41176462
549.29693604;	1.54901958
549.29693604;	0.70588237
549.29693604;	1.13725495
549.30480957;	1.49019611
549.30480957;	1.76470590
549.31707764;	2.41176462
549.31707764;	2.66666675
549.31707764;	3.09803915
549.31707764;	3.43137264
549.32934570;	3.66666675
549.32934570;	4.11764717
549.32934570;	3.56862736
549.32934570;	2.96078420
549.34167480;	2.70588231
549.34167480;	2.58823538
549.34167480;	2.25490189
549.34167480;	1.88235295
549.35400391;	1.76470590
549.35400391;	1.52941179
549.35400391;	1.37254906
549.35400391;	1.66666663
549.36218262;	1.86274505
549.36218262;	2.07843137
549.36218262;	2.35294127
549.37438965;	2.37254906
549.37438965;	2.39215684
549.37438965;	2.45098042
549.37438965;	2.37254906
549.38671875;	2.17647052
549.38671875;	2.09803915
549.38671875;	1.58823526
549.38671875;	1.00000000
549.39898682;	1.03921568
549.39898682;	1.80392158
549.39898682;	2.64705873
549.39898682;	2.03921580
549.40722656;	1.25490201
549.40722656;	1.39215684
549.40722656;	1.96078432
549.41949463;	2.29411769
549.41949463;	2.25490189
549.41949463;	2.03921580
549.41949463;	1.64705884
549.43176270;	1.01960790
549.43176270;	0.88235295
549.43176270;	1.27450979
549.43176270;	1.54901958
549.44403076;	1.39215684
549.44403076;	1.03921568
549.44403076;	0.56862748
549.44403076;	0.64705884
549.45220947;	1.03921568
549.45220947;	1.56862748
549.45220947;	1.90196073
549.46453857;	2.05882359
549.46453857;	2.09803915
549.46453857;	2.17647052
549.46453857;	1.76470590
549.47680664;	0.78431374
549.47680664;	0.15686275
549.47680664;	0.88235295
549.47680664;	1.98039210
549.48913574;	3.03921580
549.48913574;	3.15686274
549.48913574;	2.90196085
549.48913574;	2.03921580
549.49737549;	1.62745094
549.49737549;	2.11764717
549.49737549;	2.72549009
549.50958252;	2.70588231
549.50958252;	2.45098042
549.50958252;	2.19607854
549.50958252;	2.01960778
549.52191162;	2.03921580
549.52191162;	2.23529410
549.52191162;	2.68627453
549.52191162;	3.15686274
549.53424072;	3.41176462
549.53424072;	3.41176462
549.53424072;	1.70588231
549.53424072;	0.78431374
549.54278564;	1.03921568
549.54278564;	2.92156863
549.54278564;	4.21568632
549.55511475;	4.98039198
549.55511475;	4.54901981
549.55511475;	4.31372547
549.55511475;	4.00000000
549.56750488;	3.49019599
549.56750488;	2.66666675
549.56750488;	1.35294116
549.56750488;	1.37254906
549.57946777;	1.76470590
549.57946777;	1.45098042
549.57946777;	1.78431368
549.57946777;	2.82352948
549.58746338;	2.90196085
549.58746338;	3.07843137
549.58746338;	3.27450991
549.59985352;	3.37254906
549.59985352;	2.52941179
549.59985352;	1.33333337
549.59985352;	0.66666669
549.61199951;	0.76470590
549.61199951;	0.68627453
549.61199951;	1.03921568
549.61199951;	3.33333325
549.62432861;	4.47058821
549.62432861;	4.37254906
549.62432861;	4.03921556
549.62432861;	4.11764717
549.63256836;	3.86274505
549.63256836;	3.15686274
549.63256836;	2.92156863
549.64483643;	3.13725495
549.64483643;	3.72549009
549.64483643;	4.05882359
549.64483643;	4.01960802
549.65759277;	3.29411769
549.65759277;	2.21568632
549.65759277;	2.01960778
549.65759277;	2.62745094
549.66931152;	2.29411769
549.66931152;	2.86274505
549.66931152;	3.45098042
549.66931152;	2.52941179
549.67755127;	1.74509799
549.67755127;	2.05882359
549.68988037;	3.78431368
549.68988037;	4.54901981
549.68988037;	3.74509811
549.68988037;	1.05882359
549.70214844;	1.39215684
549.70214844;	3.03921580
549.70214844;	3.31372547
549.70214844;	3.60784316
549.71441650;	4.19607830
549.71441650;	4.05882359
549.71441650;	3.76470590
549.71441650;	3.17647052
549.72259521;	2.52941179
549.72259521;	2.17647052
549.73498535;	2.45098042
549.73498535;	1.60784316
549.73498535;	1.07843137
549.73498535;	1.41176474
549.74719238;	1.01960790
549.74719238;	2.19607854
549.74719238;	4.52941179
549.74719238;	4.98039198
549.75946045;	4.98039198
549.75946045;	4.98039198
549.75946045;	4.45098019
549.75946045;	3.29411769
549.76770020;	2.11764717
549.76770020;	1.96078432
549.78009033;	3.15686274
549.78009033;	2.84313726
549.78009033;	2.66666675
549.78009033;	2.07843137
549.79217529;	0.56862748
549.79217529;	0.66666669
549.79217529;	2.54901958
549.79217529;	3.90196085
549.80456543;	4.00000000
549.80456543;	3.43137264
549.80456543;	3.15686274
549.80456543;	3.13725495
549.81726074;	2.35294127
549.81726074;	1.50980389
549.81726074;	0.31372550
549.81726074;	0.23529412
549.82501221;	1.39215684
549.82501221;	3.31372547
549.82501221;	4.25490189
549.83734131;	3.66666675
549.83734131;	3.98039222
549.83734131;	4.68627453
549.83734131;	4.29411745
549.84960938;	3.88235283
549.84960938;	3.62745094
549.84960938;	3.23529410
549.84960938;	2.96078420
549.86193848;	2.76470590
549.86193848;	2.60784316
549.86193848;	2.49019599
549.86193848;	2.37254906
549.87011719;	2.31372547
549.87011719;	2.29411769
549.87011719;	2.23529410
549.88244629;	1.50980389
549.88244629;	1.07843137
549.88244629;	1.70588231
549.88244629;	2.39215684
549.89477539;	2.66666675
549.89477539;	2.76470590
549.89477539;	3.03921580
549.89477539;	3.35294127
549.90704346;	3.31372547
549.90704346;	3.11764717
549.90704346;	2.94117641
549.90704346;	2.58823538
549.91522217;	1.94117641
549.91522217;	1.35294116
549.91522217;	1.58823526
549.92749023;	2.13725495
549.92749023;	2.70588231
549.92749023;	3.13725495
549.92749023;	3.39215684
549.93975830;	3.31372547
549.93975830;	3.01960778
549.93975830;	2.50980401
549.93975830;	1.96078432
549.95202637;	2.17647052
549.95202637;	2.70588231
549.95202637;	2.90196085
549.95202637;	2.82352948
549.96020508;	2.86274505
549.96020508;	2.78431368
549.96020508;	2.64705873
549.97302246;	2.52941179
549.97302246;	2.37254906
549.97302246;	2.01960778
549.97302246;	2.05882359
549.98480225;	2.43137264
549.98480225;	2.58823538
549.98480225;	2.58823538
549.98480225;	2.54901958
549.99713135;	2.47058821
549.99713135;	1.82352936
549.99713135;	1.21568632
549.99713135;	1.19607842
550.00524902;	1.68627453
550.00524902;	2.01960778
550.00524902;	2.37254906
550.01763916;	2.90196085
550.01763916;	3.31372547
550.01763916;	3.49019599
550.01763916;	3.45098042
550.02990723;	3.05882359
550.02990723;	2.66666675
550.02990723;	2.37254906
550.02990723;	2.35294127
550.04205322;	2.50980401
550.04205322;	2.82352948
550.04205322;	3.27450991
550.04205322;	3.45098042
550.05041504;	3.43137264
550.05041504;	3.35294127
550.05041504;	3.23529410
550.06268311;	3.07843137
550.06268311;	2.88235283
550.06268311;	2.64705873
550.06268311;	2.49019599
550.07489014;	2.50980401
550.07489014;	2.62745094
550.07489014;	2.49019599
550.07489014;	1.82352936
550.08715820;	1.70588231
550.08715820;	1.88235295
550.08715820;	2.13725495
550.08715820;	2.52941179
550.09539795;	3.09803915
550.09539795;	3.56862736
550.09539795;	3.54901958
550.10772705;	3.50980401
550.10772705;	3.27450991
550.10772705;	2.80392146
550.10772705;	2.41176462
550.12048340;	1.74509799
550.12048340;	1.29411769
550.12048340;	1.72549021
550.12048340;	2.43137264
550.13232422;	2.94117641
550.13232422;	3.11764717
550.13232422;	3.27450991
550.13232422;	3.23529410
550.14038086;	2.84313726
550.14038086;	2.29411769
550.14038086;	2.05882359
550.15270996;	2.05882359
550.15270996;	2.03921580
550.15270996;	2.00000000
550.15270996;	1.88235295
550.16497803;	1.90196073
550.16497803;	2.03921580
550.16497803;	1.96078432
550.16497803;	1.90196073
550.17724609;	1.92156863
550.17724609;	1.92156863
550.17724609;	1.92156863
550.17724609;	1.90196073
550.18560791;	1.94117641
550.18560791;	2.00000000
550.19781494;	2.03921580
550.19781494;	2.25490189
550.19781494;	2.49019599
550.19781494;	2.54901958
550.21002197;	2.56862736
550.21002197;	2.56862736
550.21002197;	2.54901958
550.21002197;	2.60784316
550.22235107;	2.58823538
550.22235107;	2.56862736
550.22235107;	2.54901958
550.22235107;	2.50980401
550.23046875;	2.45098042
550.23046875;	2.31372547
550.24285889;	2.05882359
550.24285889;	2.15686274
550.24285889;	2.05882359
550.24285889;	1.98039210
550.25518799;	2.27450991
550.25518799;	2.56862736
550.25518799;	2.88235283
550.25518799;	3.07843137
550.26751709;	3.17647052
550.26751709;	3.17647052
550.26751709;	3.05882359
550.26751709;	2.92156863
550.27563477;	2.70588231
550.27563477;	2.54901958
550.28796387;	2.52941179
550.28796387;	2.72549009
550.28796387;	2.82352948
550.28796387;	2.88235283
550.30023193;	2.90196085
550.30023193;	2.52941179
550.30023193;	2.09803915
550.30023193;	1.82352936
550.31256104;	1.80392158
550.31256104;	2.01960778
550.31256104;	2.33333325
550.31256104;	2.72549009
550.32073975;	2.90196085
550.32073975;	2.80392146
550.33300781;	2.09803915
550.33300781;	2.09803915
550.33300781;	2.25490189
550.33300781;	2.15686274
550.34539795;	2.33333325
550.34539795;	2.80392146
550.34539795;	2.80392146
550.34539795;	2.64705873
550.35754395;	2.62745094
550.35754395;	2.94117641
550.35754395;	3.05882359
550.35754395;	2.64705873
550.36981201;	2.35294127
550.36981201;	2.21568632
550.36981201;	2.09803915
550.36981201;	2.37254906
550.37805176;	2.39215684
550.37805176;	2.64705873
550.37805176;	2.76470590
550.39038086;	2.86274505
550.39038086;	2.43137264
550.39038086;	2.17647052
550.39038086;	2.01960778
550.40270996;	2.11764717
550.40270996;	2.17647052
550.40270996;	2.23529410
550.40270996;	2.56862736
550.41497803;	2.82352948
550.41497803;	2.37254906
550.41497803;	2.37254906
550.41497803;	2.23529410
550.42309570;	1.92156863
550.42309570;	2.01960778
550.42309570;	1.80392158
550.43542480;	1.78431368
550.43542480;	2.23529410
550.43542480;	2.76470590
550.43542480;	2.70588231
550.44769287;	2.49019599
550.44769287;	2.33333325
550.44769287;	1.88235295
550.44769287;	1.11764705
550.46008301;	1.01960790
550.46008301;	1.56862748
550.46008301;	2.00000000
550.46008301;	1.29411769
550.46820068;	0.70588237
550.46820068;	0.84313726
550.46820068;	1.21568632
550.48046875;	1.76470590
550.48046875;	2.39215684
550.48046875;	2.56862736
550.48046875;	2.50980401
550.49273682;	1.43137252
550.49273682;	1.17647064
550.49273682;	1.43137252
550.49273682;	1.17647064
550.50500488;	1.76470590
550.50500488;	2.35294127
550.50500488;	3.03921580
550.50500488;	3.50980401
550.51330566;	1.62745094
550.51330566;	0.45098040
550.51330566;	1.37254906
550.52545166;	2.01960778
550.52545166;	1.68627453
550.52545166;	1.86274505
550.52545166;	3.72549009
550.53778076;	4.09803915
550.53778076;	0.82352942
550.53778076;	0.00000000
550.53778076;	1.09803927
550.55010986;	1.88235295
550.55010986;	2.52941179
550.55010986;	3.01960778
550.55010986;	3.35294127
550.55816650;	3.17647052
550.55816650;	1.43137252
550.55816650;	1.35294116
550.57061768;	2.82352948
550.57061768;	4.11764717
550.57061768;	4.05882359
550.57061768;	2.76470590
550.58288574;	1.72549021
550.58288574;	2.27450991
550.58288574;	2.49019599
550.58288574;	2.76470590
550.59521484;	2.49019599
550.59521484;	2.13725495
550.59521484;	1.41176474
550.59521484;	1.88235295
550.60339355;	2.74509811
550.60339355;	3.50980401
550.60339355;	3.43137264
550.61572266;	1.47058821
550.61572266;	0.00000000
550.61572266;	0.47058824
550.61572266;	4.68627453
550.62805176;	4.98039198
550.62805176;	4.54901981
550.62805176;	3.17647052
550.62805176;	2.21568632
550.64025879;	2.17647052
550.64025879;	2.23529410
550.64025879;	2.25490189
550.64025879;	2.43137264
550.64849854;	2.66666675
550.64849854;	2.72549009
550.64849854;	2.78431368
550.66070557;	2.74509811
550.66070557;	2.90196085
550.66070557;	3.29411769
550.66070557;	3.86274505
550.67303467;	3.76470590
550.67303467;	3.45098042
550.67303467;	3.35294127
550.67303467;	3.43137264
550.68530273;	3.47058821
550.68530273;	3.47058821
550.68530273;	3.49019599
550.68530273;	3.52941179
550.69348145;	3.37254906
550.69348145;	3.11764717
550.70574951;	2.27450991
550.70574951;	1.50980389
550.70574951;	0.43137255
550.70574951;	0.00000000
550.71813965;	0.25490198
550.71813965;	1.25490201
550.71813965;	1.31372547
550.71813965;	0.00000000
550.73040771;	0.00000000
550.73040771;	0.25490198
550.73040771;	0.82352942
550.73040771;	0.84313726
550.73858643;	0.80392158
550.73858643;	0.80392158
550.75085449;	1.09803927
550.75085449;	1.05882359
550.75085449;	0.82352942
550.75085449;	0.94117647
550.76312256;	1.17647064
550.76312256;	1.05882359
550.76312256;	0.56862748
550.76312256;	0.68627453
550.77532959;	0.47058824
550.77532959;	0.21568628
550.77532959;	0.78431374
550.77532959;	1.58823526
550.78363037;	1.88235295
550.78363037;	1.98039210
550.79595947;	2.23529410
550.79595947;	2.39215684
550.79595947;	2.01960778
550.79595947;	1.58823526
550.80816650;	1.37254906
550.80816650;	1.37254906
550.80816650;	1.29411769
550.80816650;	1.27450979
550.82049561;	0.94117647
550.82049561;	1.64705884
550.82049561;	2.31372547
550.82049561;	2.56862736
550.82861328;	2.64705873
550.82861328;	2.62745094
550.84100342;	2.39215684
550.84100342;	2.29411769
550.84100342;	2.01960778
550.84100342;	1.05882359
550.85321045;	0.39215687
550.85321045;	0.90196079
550.85321045;	1.76470590
550.85321045;	2.11764717
550.86560059;	2.39215684
550.86560059;	2.78431368
550.86560059;	2.96078420
550.86560059;	3.09803915
550.87786865;	3.25490189
550.87786865;	3.31372547
550.87786865;	3.09803915
550.87786865;	2.68627453
550.88604736;	2.54901958
550.88604736;	2.01960778
550.88604736;	2.39215684
550.89831543;	3.27450991
550.89831543;	3.80392146
550.89831543;	3.31372547
550.89831543;	2.70588231
550.91058350;	1.76470590
550.91058350;	0.78431374
550.91058350;	0.52941179
550.91058350;	0.62745100
550.92285156;	0.62745100
550.92285156;	0.68627453
550.92285156;	0.54901963
550.92285156;	0.98039216
550.93109131;	1.70588231
550.93109131;	2.17647052
550.93109131;	2.23529410
550.94329834;	2.09803915
550.94329834;	1.09803927
550.94329834;	1.03921568
550.94329834;	1.39215684
550.95562744;	1.94117641
550.95562744;	2.01960778
550.95562744;	2.21568632
550.95562744;	2.35294127
550.96795654;	2.33333325
550.96795654;	2.31372547
550.96795654;	2.43137264
550.96795654;	2.47058821
550.97631836;	2.39215684
550.97631836;	2.31372547
550.97631836;	2.11764717
550.98840332;	1.66666663
550.98840332;	1.56862748
550.98840332;	1.82352936
550.98840332;	2.21568632
551.00067139;	2.50980401
551.00067139;	2.54901958
551.00067139;	2.21568632
551.00067139;	1.70588231
551.01300049;	1.03921568
551.01300049;	0.27450982
551.01300049;	0.31372550
551.01300049;	0.84313726
551.02117920;	1.88235295
551.02117920;	2.96078420
551.02117920;	3.50980401
551.03356934;	3.13725495
551.03356934;	2.76470590
551.03356934;	2.29411769
551.03356934;	2.07843137
551.04577637;	2.03921580
551.04577637;	1.90196073
551.04577637;	1.03921568
551.04577637;	0.00000000
551.05804443;	0.00000000
551.05804443;	0.09803922
551.05804443;	1.72549021
551.05804443;	3.82352948
551.06628418;	4.39215708
551.06628418;	4.17647076
551.06628418;	3.50980401
551.07855225;	2.96078420
551.07855225;	2.64705873
551.07855225;	2.35294127
551.07855225;	1.96078432
551.09082031;	1.60784316
551.09082031;	1.19607842
551.09082031;	1.25490201
551.09082031;	1.80392158
551.10321045;	2.39215684
551.10321045;	2.05882359
551.10321045;	2.17647052
551.10321045;	2.23529410
551.11138916;	2.29411769
551.11138916;	2.33333325
551.11138916;	2.50980401
551.12359619;	2.43137264
551.12359619;	2.33333325
551.12359619;	2.39215684
551.12359619;	2.52941179
551.13592529;	2.62745094
551.13592529;	2.47058821
551.13592529;	2.29411769
551.13592529;	2.19607854
551.14825439;	2.23529410
551.14825439;	2.35294127
551.14825439;	1.74509799
551.14825439;	1.05882359
551.15631104;	0.98039216
551.15631104;	1.47058821
551.15631104;	1.78431368
551.16864014;	2.19607854
551.16864014;	2.82352948
551.16864014;	2.78431368
551.16864014;	2.54901958
551.18109131;	2.41176462
551.18109131;	2.00000000
551.18109131;	1.47058821
551.18109131;	1.70588231
551.19329834;	2.25490189
551.19329834;	2.76470590
551.19329834;	2.43137264
551.19329834;	1.09803927
551.20141602;	0.84313726
551.20141602;	1.54901958
551.21380615;	2.54901958
551.21380615;	2.35294127
551.21380615;	2.17647052
551.21380615;	2.11764717
551.22607422;	2.13725495
551.22607422;	1.76470590
551.22607422;	1.45098042
551.22607422;	1.15686274
551.23834229;	0.66666669
551.23834229;	1.43137252
551.23834229;	2.52941179
551.23834229;	3.09803915
551.24664307;	2.90196085
551.24664307;	2.80392146
551.25878906;	2.19607854
551.25878906;	0.96078432
551.25878906;	0.64705884
551.25878906;	1.35294116
551.27099609;	2.15686274
551.27099609;	2.49019599
551.27099609;	2.78431368
551.27099609;	2.62745094
551.28344727;	2.05882359
551.28344727;	1.82352936
551.28344727;	2.07843137
551.28344727;	2.27450991
551.29205322;	2.29411769
551.29205322;	2.27450991
551.30426025;	2.21568632
551.30426025;	2.15686274
551.30426025;	1.84313726
551.30426025;	1.33333337
551.31622314;	1.50980389
551.31622314;	2.09803915
551.31622314;	2.66666675
551.31622314;	2.84313726
551.32855225;	2.72549009
551.32855225;	2.58823538
551.32855225;	2.31372547
551.32855225;	1.64705884
551.33666992;	0.49019608
551.33666992;	0.37254903
551.34893799;	2.62745094
551.34893799;	3.15686274
551.34893799;	3.50980401
551.34893799;	3.58823538
551.36163330;	3.43137264
551.36163330;	3.19607854
551.36163330;	3.07843137
551.36163330;	3.07843137
551.37402344;	3.11764717
551.37402344;	3.07843137
551.37402344;	3.00000000
551.37402344;	2.82352948
551.38580322;	2.94117641
551.38580322;	3.05882359
551.38580322;	3.03921580
551.38580322;	2.66666675
551.39416504;	2.33333325
551.39416504;	2.47058821
551.39416504;	2.76470590
551.40625000;	2.98039222
551.40625000;	3.11764717
551.40625000;	2.84313726
551.40625000;	2.17647052
551.41851807;	1.92156863
551.41851807;	1.98039210
551.41851807;	2.39215684
551.41851807;	2.92156863
551.43090820;	3.03921580
551.43090820;	3.17647052
551.43090820;	3.35294127
551.43090820;	3.47058821
551.43902588;	3.31372547
551.43902588;	3.07843137
551.43902588;	3.00000000
551.45135498;	2.94117641
551.45135498;	2.98039222
551.45135498;	3.17647052
551.45135498;	3.27450991
551.46356201;	3.27450991
551.46356201;	3.17647052
551.46356201;	3.17647052
551.46356201;	3.17647052
551.47607422;	3.13725495
551.47607422;	3.01960778
551.47607422;	2.68627453
551.47607422;	2.39215684
551.48419189;	2.43137264
551.48419189;	2.60784316
551.48419189;	2.80392146
551.49633789;	2.62745094
551.49633789;	2.43137264
551.49633789;	2.50980401
551.49633789;	2.74509811
551.50866699;	3.19607854
551.50866699;	3.45098042
551.50866699;	3.41176462
551.50866699;	3.43137264
551.52111816;	3.35294127
551.52111816;	3.23529410
551.52111816;	3.17647052
551.52111816;	3.15686274
551.52917480;	3.11764717
551.52917480;	3.00000000
551.52917480;	2.88235283
551.54138184;	2.90196085
551.54138184;	2.96078420
551.54138184;	3.09803915
551.54138184;	3.19607854
551.55364990;	3.03921580
551.55364990;	2.98039222
551.55364990;	3.13725495
551.55364990;	3.19607854
551.56604004;	2.88235283
551.56604004;	2.92156863
551.56604004;	3.07843137
551.56604004;	3.09803915
551.57421875;	2.94117641
551.57421875;	2.90196085
551.57421875;	2.90196085
551.58648682;	2.82352948
551.58648682;	2.72549009
551.58648682;	2.64705873
551.58648682;	2.54901958
551.59881592;	2.52941179
551.59881592;	2.54901958
551.59881592;	2.62745094
551.59881592;	2.62745094
551.61108398;	2.62745094
551.61108398;	2.62745094
551.61108398;	2.58823538
551.61108398;	2.49019599
551.61926270;	2.37254906
551.61926270;	2.35294127
551.61926270;	2.09803915
551.63159180;	1.94117641
551.63159180;	2.07843137
551.63159180;	2.27450991
551.63159180;	2.60784316
551.64379883;	2.60784316
551.64379883;	2.74509811
551.64379883;	2.98039222
551.64379883;	3.01960778
551.65618896;	3.01960778
551.65618896;	2.88235283
551.65618896;	2.47058821
551.65618896;	2.19607854
551.66442871;	2.31372547
551.66442871;	2.45098042
551.66442871;	2.60784316
551.67663574;	2.78431368
551.67663574;	2.98039222
551.67663574;	3.27450991
551.67663574;	3.29411769
551.68890381;	3.07843137
551.68890381;	2.82352948
551.68890381;	2.72549009
551.68890381;	2.78431368
551.70117188;	2.50980401
551.70117188;	2.33333325
551.70117188;	2.41176462
551.70117188;	2.47058821
551.70935059;	2.58823538
551.70935059;	2.68627453
551.72167969;	2.07843137
551.72167969;	2.05882359
551.72167969;	2.05882359
551.72167969;	2.23529410
551.73406982;	2.25490189
551.73406982;	2.35294127
551.73406982;	2.66666675
551.73406982;	2.98039222
551.74627686;	3.15686274
551.74627686;	3.13725495
551.74627686;	2.54901958
551.74627686;	2.50980401
551.75451660;	2.60784316
551.75451660;	2.66666675
551.76678467;	2.58823538
551.76678467;	2.90196085
551.76678467;	2.78431368
551.76678467;	2.96078420
551.77899170;	2.90196085
551.77899170;	2.62745094
551.77899170;	2.19607854
551.77899170;	2.27450991
551.79138184;	2.35294127
551.79138184;	2.39215684
551.79138184;	2.64705873
551.79138184;	2.88235283
551.79949951;	2.74509811
551.79949951;	2.76470590
551.81188965;	3.31372547
551.81188965;	2.84313726
551.81188965;	2.01960778
551.81188965;	2.17647052
551.82403564;	2.41176462
551.82403564;	2.84313726
551.82403564;	2.86274505
551.82403564;	2.64705873
551.83636475;	2.54901958
551.83636475;	2.13725495
551.83636475;	2.33333325
551.83636475;	2.47058821
551.84460449;	2.66666675
551.84460449;	2.84313726
551.85687256;	2.84313726
551.85687256;	1.88235295
551.85687256;	1.03921568
551.85687256;	2.05882359
551.86914063;	2.41176462
551.86914063;	2.96078420
551.86914063;	3.19607854
551.86914063;	3.07843137
551.88146973;	2.41176462
551.88146973;	1.21568632
551.88146973;	1.56862748
551.88146973;	1.70588231
551.89379883;	2.07843137
551.89379883;	2.35294127
551.89379883;	3.21568632
551.89379883;	4.01960802
551.90203857;	2.49019599
551.90203857;	1.25490201
551.90203857;	0.76470590
551.91418457;	2.68627453
551.91418457;	3.98039222
551.91418457;	4.50980377
551.91418457;	4.98039198
551.92657471;	3.76470590
551.92657471;	3.01960778
551.92657471;	2.82352948
551.92657471;	2.62745094
551.93884277;	1.58823526
551.93884277;	1.68627453
551.93884277;	2.60784316
551.93884277;	2.96078420
551.94702148;	2.62745094
551.94702148;	3.49019599
551.94702148;	3.92156863
551.95928955;	3.03921580
551.95928955;	3.23529410
551.95928955;	3.43137264
551.95928955;	3.25490189
551.97155762;	3.58823538
551.97155762;	4.17647076
551.97155762;	4.13725471
551.97155762;	3.66666675
551.98382568;	0.00000000
551.98382568;	0.00000000
551.98382568;	2.23529410
551.98382568;	4.33333349
551.99200439;	2.88235283
551.99200439;	4.03921556
551.99200439;	4.98039198
552.00433350;	4.94117641
552.00433350;	4.39215708
552.00433350;	4.11764717
552.00433350;	3.64705873
552.01666260;	3.35294127
552.01666260;	3.15686274
552.01666260;	3.05882359
552.01666260;	2.70588231
552.02886963;	0.62745100
552.02886963;	0.64705884
552.02886963;	2.37254906
552.02886963;	3.47058821
552.03704834;	3.58823538
552.03704834;	3.92156863
552.03704834;	3.74509811
552.04943848;	3.72549009
552.04943848;	3.54901958
552.04943848;	3.33333325
552.04943848;	3.15686274
552.06176758;	2.98039222
552.06176758;	2.86274505
552.06176758;	2.74509811
552.06176758;	2.66666675
552.07403564;	2.66666675
552.07403564;	2.70588231
552.07403564;	2.94117641
552.07403564;	3.37254906
552.08221436;	3.35294127
552.08221436;	2.92156863
552.08221436;	2.54901958
552.09448242;	2.43137264
552.09448242;	2.39215684
552.09448242;	2.33333325
552.09448242;	2.15686274
552.10681152;	1.94117641
552.10681152;	1.86274505
552.10681152;	1.80392158
552.10681152;	1.43137252
552.11901855;	1.03921568
552.11901855;	0.74509805
552.11901855;	0.98039216
552.11901855;	0.96078432
552.12731934;	1.01960790
552.12731934;	1.60784316
552.12731934;	2.19607854
552.13946533;	2.33333325
552.13946533;	2.17647052
552.13946533;	1.68627453
552.13946533;	1.23529410
552.15185547;	0.52941179
552.15185547;	1.11764705
552.15185547;	2.25490189
552.15185547;	3.33333325
552.16406250;	2.98039222
552.16406250;	2.43137264
552.16406250;	2.33333325
552.16406250;	2.56862736
552.17218018;	2.64705873
552.17218018;	2.47058821
552.17218018;	2.21568632
552.18457031;	2.01960778
552.18457031;	1.96078432
552.18457031;	1.88235295
552.18457031;	2.00000000
552.19677734;	1.98039210
552.19677734;	2.31372547
552.19677734;	2.50980401
552.19677734;	2.43137264
552.20910645;	2.58823538
552.20910645;	2.72549009
552.20910645;	2.23529410
552.20910645;	1.21568632
552.21740723;	1.00000000
552.21740723;	1.31372547
552.22961426;	1.96078432
552.22961426;	1.49019611
552.22961426;	1.13725495
552.22961426;	1.21568632
552.24200439;	1.74509799
552.24200439;	2.07843137
552.24200439;	1.25490201
552.24200439;	0.05882353
552.25415039;	0.45098040
552.25415039;	2.03921580
552.25415039;	3.58823538
552.25415039;	3.82352948
552.26245117;	3.52941179
552.26245117;	2.66666675
552.27471924;	1.72549021
552.27471924;	2.27450991
552.27471924;	2.80392146
552.27471924;	2.64705873
552.28704834;	2.37254906
552.28704834;	2.29411769
552.28704834;	2.15686274
552.28704834;	2.11764717
552.29925537;	2.19607854
552.29925537;	2.45098042
552.29925537;	2.45098042
552.29925537;	1.84313726
552.30749512;	1.49019611
552.30749512;	1.33333337
552.31976318;	1.88235295
552.31976318;	1.90196073
552.31976318;	1.45098042
552.31976318;	0.98039216
552.33203125;	1.09803927
552.33203125;	2.01960778
552.33203125;	2.88235283
552.33203125;	3.23529410
552.34442139;	3.41176462
552.34442139;	3.49019599
552.34442139;	3.47058821
552.34442139;	3.37254906
552.35260010;	3.11764717
552.35260010;	2.54901958
552.36486816;	1.82352936
552.36486816;	2.49019599
552.36486816;	3.37254906
552.36486816;	3.58823538
552.37713623;	3.54901958
552.37713623;	3.27450991
552.37713623;	3.01960778
552.37713623;	2.88235283
552.38940430;	2.78431368
552.38940430;	2.70588231
552.38940430;	2.62745094
552.38940430;	2.52941179
552.40167236;	2.41176462
552.40167236;	2.19607854
552.40167236;	1.96078432
552.40167236;	1.68627453
552.40991211;	1.35294116
552.40991211;	1.50980389
552.40991211;	1.78431368
552.42230225;	2.01960778
552.42230225;	1.41176474
552.42230225;	1.33333337
552.42230225;	1.68627453
552.43450928;	2.56862736
552.43450928;	3.07843137
552.43450928;	3.15686274
552.43450928;	2.94117641
552.44677734;	2.41176462
552.44677734;	2.09803915
552.44677734;	1.92156863
552.44677734;	1.86274505
552.45495605;	2.03921580
552.45495605;	2.25490189
552.45495605;	2.00000000
552.46728516;	1.03921568
552.46728516;	0.96078432
552.46728516;	1.60784316
552.46728516;	2.62745094
552.47949219;	3.19607854
552.47949219;	3.35294127
552.47949219;	2.58823538
552.47949219;	1.70588231
552.49176025;	1.64705884
552.49176025;	2.31372547
552.49176025;	2.66666675
552.49176025;	2.31372547
552.49993896;	1.84313726
552.49993896;	1.88235295
552.49993896;	2.50980401
552.51232910;	2.90196085
552.51232910;	3.27450991
552.51232910;	3.33333325
552.51232910;	3.49019599
552.52465820;	2.31372547
552.52465820;	0.80392158
552.52465820;	1.15686274
552.52465820;	2.82352948
552.53698730;	4.84313726
552.53698730;	4.98039198
552.53698730;	4.98039198
552.53698730;	4.88235283
552.54504395;	4.52941179
552.54504395;	4.35294104
552.54504395;	4.13725471
552.55743408;	3.62745094
552.55743408;	3.49019599
552.55743408;	3.62745094
552.55743408;	4.07843161
552.56964111;	4.33333349
552.56964111;	3.98039222
552.56964111;	3.43137264
552.56964111;	2.70588231
552.58197021;	1.39215684
552.58197021;	0.54901963
552.58197021;	1.54901958
552.58197021;	3.56862736
552.59008789;	4.98039198
552.59008789;	4.98039198
552.59008789;	4.98039198
552.60241699;	4.80392170
552.60241699;	4.56862736
552.60241699;	4.35294104
552.60241699;	4.19607830
552.61474609;	4.25490189
552.61474609;	4.39215708
552.61474609;	3.80392146
552.61474609;	3.17647052
552.62701416;	3.13725495
552.62701416;	3.90196085
552.62701416;	4.58823538
552.62701416;	4.88235283
552.63519287;	4.98039198
552.63519287;	4.92156839
552.63519287;	4.86274529
552.64739990;	4.80392170
552.64739990;	4.82352924
552.64739990;	4.92156839
552.64739990;	4.96078444
552.65985107;	4.98039198
552.65985107;	4.98039198
552.65985107;	4.96078444
552.65985107;	4.88235283
552.67211914;	4.82352924
552.67211914;	3.70588231
552.67211914;	2.98039222
552.67211914;	3.54901958
552.68078613;	4.58823538
552.68078613;	4.98039198
552.68078613;	4.98039198
552.69262695;	4.98039198
552.69262695;	4.86274529
552.69262695;	4.19607830
552.69262695;	3.64705873
552.70501709;	3.88235283
552.70501709;	4.15686274
552.70501709;	4.47058821
552.70501709;	4.98039198
552.71710205;	4.98039198
552.71710205;	4.80392170
552.71710205;	4.07843161
552.71710205;	3.21568632
552.72546387;	2.66666675
552.72546387;	2.92156863
552.73760986;	4.35294104
552.73760986;	4.68627453
552.73760986;	4.33333349
552.73760986;	3.84313726
552.74987793;	3.60784316
552.74987793;	3.66666675
552.74987793;	4.13725471
552.74987793;	4.19607830
552.76220703;	4.07843161
552.76220703;	3.76470590
552.76220703;	3.29411769
552.76220703;	3.35294127
552.77044678;	3.56862736
552.77044678;	3.35294127
552.78265381;	3.47058821
552.78265381;	3.80392146
552.78265381;	3.74509811
552.78265381;	3.58823538
552.79504395;	3.52941179
552.79504395;	3.09803915
552.79504395;	2.41176462
552.79504395;	2.49019599
552.80718994;	3.19607854
552.80718994;	3.62745094
552.80718994;	3.80392146
552.80718994;	3.86274505
552.81542969;	4.05882359
552.81542969;	4.15686274
552.82769775;	3.76470590
552.82769775;	3.41176462
552.82769775;	3.19607854
552.82769775;	3.17647052
552.84002686;	3.17647052
552.84002686;	3.27450991
552.84002686;	3.33333325
552.84002686;	3.35294127
552.85229492;	3.33333325
552.85229492;	3.29411769
552.85229492;	3.29411769
552.85229492;	3.27450991
552.86047363;	3.25490189
552.86047363;	3.27450991
552.87274170;	3.27450991
552.87274170;	3.23529410
552.87274170;	3.25490189
552.87274170;	3.25490189
552.88513184;	3.21568632
552.88513184;	3.15686274
552.88513184;	3.15686274
552.88513184;	3.17647052
552.89739990;	3.13725495
552.89739990;	3.03921580
552.89739990;	2.80392146
552.89739990;	2.68627453
552.91003418;	2.62745094
552.91003418;	2.76470590
552.91003418;	3.03921580
552.91003418;	3.13725495
552.91802979;	3.23529410
552.91802979;	3.39215684
552.91802979;	3.52941179
552.93041992;	3.50980401
552.93041992;	3.23529410
552.93041992;	2.90196085
552.93041992;	2.72549009
552.94244385;	2.72549009
552.94244385;	2.76470590
552.94244385;	2.82352948
552.94244385;	2.76470590
552.95477295;	2.72549009
552.95477295;	2.70588231
552.95477295;	2.80392146
552.95477295;	2.82352948
552.96289063;	2.66666675
552.96289063;	2.41176462
552.96289063;	2.21568632
552.97521973;	2.39215684
552.97521973;	2.60784316
552.97521973;	2.72549009
552.97521973;	2.92156863
552.98754883;	3.05882359
552.98754883;	2.94117641
552.98754883;	2.84313726
552.98754883;	2.70588231
552.99969482;	2.52941179
552.99969482;	2.50980401
552.99969482;	2.52941179
552.99969482;	2.68627453
553.00805664;	2.82352948
553.00805664;	2.72549009
553.00805664;	2.50980401
553.02020264;	2.45098042
553.02020264;	2.19607854
553.02020264;	2.21568632
553.02020264;	2.35294127
553.03253174;	2.31372547
553.03253174;	2.33333325
553.03253174;	2.39215684
553.03253174;	2.21568632
553.04492188;	2.37254906
553.04492188;	2.37254906
553.04492188;	2.11764717
553.04492188;	2.31372547
553.05303955;	2.45098042
553.05303955;	2.45098042
553.05303955;	2.68627453
553.06536865;	2.70588231
553.06536865;	2.60784316
553.06536865;	2.54901958
553.06536865;	2.39215684
553.07763672;	2.27450991
553.07763672;	1.96078432
553.07763672;	1.88235295
553.07763672;	1.70588231
553.08990479;	1.66666663
553.08990479;	1.88235295
553.08990479;	2.05882359
553.08990479;	2.49019599
553.09808350;	2.94117641
553.09808350;	2.64705873
553.09808350;	2.47058821
553.11041260;	2.39215684
553.11041260;	2.47058821
553.11041260;	2.27450991
553.11041260;	2.03921580
553.12268066;	1.98039210
553.12268066;	1.88235295
553.12268066;	1.98039210
553.12268066;	1.78431368
553.13513184;	1.58823526
553.13513184;	1.68627453
553.13513184;	1.98039210
553.13513184;	2.43137264
553.14318848;	2.33333325
553.14318848;	2.35294127
553.14318848;	2.72549009
553.15551758;	2.50980401
553.15551758;	2.47058821
553.15551758;	2.25490189
553.15551758;	1.21568632
553.16790771;	1.47058821
553.16790771;	1.96078432
553.16790771;	2.17647052
553.16790771;	2.31372547
553.18005371;	2.31372547
553.18005371;	2.64705873
553.18005371;	2.52941179
553.18005371;	2.13725495
553.18817139;	2.21568632
553.18817139;	2.94117641
553.18817139;	2.56862736
553.20050049;	1.60784316
553.20050049;	1.47058821
553.20050049;	0.94117647
553.20050049;	1.25490201
553.21276855;	1.90196073
553.21276855;	2.19607854
553.21276855;	1.84313726
553.21276855;	1.33333337
553.22515869;	1.88235295
553.22515869;	1.43137252
553.22515869;	1.33333337
553.22515869;	2.25490189
553.23333740;	2.15686274
553.23333740;	1.70588231
553.24584961;	1.09803927
553.24584961;	1.58823526
553.24584961;	2.76470590
553.24584961;	3.13725495
553.25793457;	3.21568632
553.25793457;	2.88235283
553.25793457;	1.82352936
553.25793457;	1.13725495
553.27014160;	0.00000000
553.27014160;	0.15686275
553.27014160;	0.64705884
553.27014160;	1.76470590
553.27838135;	2.98039222
553.27838135;	2.11764717
553.29064941;	1.43137252
553.29064941;	2.47058821
553.29064941;	3.00000000
553.29064941;	1.66666663
553.30285645;	1.19607842
553.30285645;	2.13725495
553.30285645;	2.56862736
553.30285645;	1.86274505
553.31524658;	0.00000000
553.31524658;	0.00000000
553.31524658;	2.52941179
553.31524658;	4.52941179
553.32348633;	4.15686274
553.32348633;	3.01960778
553.33575439;	3.56862736
553.33575439;	1.86274505
553.33575439;	0.27450982
553.33575439;	0.00000000
553.34796143;	0.49019608
553.34796143;	3.37254906
553.34796143;	4.98039198
553.34796143;	4.47058821
553.36029053;	4.09803915
553.36029053;	4.00000000
553.36029053;	2.00000000
553.36029053;	0.00000000
553.36883545;	0.19607843
553.36883545;	2.33333325
553.38073730;	3.45098042
553.38073730;	3.62745094
553.38073730;	4.52941179
553.38073730;	4.31372547
553.39306641;	3.45098042
553.39306641;	2.54901958
553.39306641;	1.84313726
553.39306641;	1.86274505
553.40539551;	0.17647059
553.40539551;	0.00000000
553.40539551;	0.78431374
553.40539551;	2.58823538
553.41760254;	3.23529410
553.41760254;	3.37254906
553.41760254;	2.78431368
553.41760254;	2.17647052
553.42584229;	1.98039210
553.42584229;	2.39215684
553.42584229;	2.52941179
553.43817139;	2.47058821
553.43817139;	2.84313726
553.43817139;	3.62745094
553.43817139;	3.50980401
553.45037842;	2.50980401
553.45037842;	2.11764717
553.45037842;	2.05882359
553.45037842;	2.03921580
553.46270752;	2.09803915
553.46270752;	1.98039210
553.46270752;	1.72549021
553.46270752;	1.50980389
553.47082520;	1.29411769
553.47082520;	1.00000000
553.47082520;	0.72549021
553.48321533;	0.68627453
553.48321533;	0.88235295
553.48321533;	0.96078432
553.48321533;	0.88235295
553.49542236;	0.54901963
553.49542236;	0.17647059
553.49542236;	0.43137255
553.49542236;	1.01960790
553.50769043;	1.37254906
553.50769043;	1.25490201
553.50769043;	0.94117647
553.50769043;	1.19607842
553.51599121;	1.21568632
553.51599121;	1.13725495
553.51599121;	1.07843137
553.52813721;	0.78431374
553.52813721;	0.50980395
553.52813721;	0.29411766
553.52813721;	0.33333334
553.54052734;	0.90196079
553.54052734;	1.56862748
553.54052734;	1.76470590
553.54052734;	1.64705884
553.55285645;	1.98039210
553.55285645;	2.33333325
553.55285645;	2.43137264
553.55285645;	2.43137264
553.56103516;	2.15686274
553.56103516;	1.92156863
553.56103516;	1.72549021
553.57330322;	1.80392158
553.57330322;	1.72549021
553.57330322;	0.94117647
553.57330322;	0.76470590
553.58557129;	1.64705884
553.58557129;	2.47058821
553.58557129;	2.49019599
553.58557129;	1.86274505
553.59790039;	1.31372547
553.59790039;	1.39215684
553.59790039;	1.82352936
553.59790039;	1.74509799
553.60614014;	1.09803927
553.60614014;	0.78431374
553.60614014;	1.09803927
553.61834717;	1.41176474
553.61834717;	1.50980389
553.61834717;	1.29411769
553.61834717;	1.43137252
553.63073730;	1.39215684
553.63073730;	1.43137252
553.63073730;	1.39215684
553.63073730;	1.05882359
553.64355469;	0.52941179
553.64355469;	0.70588237
553.64355469;	1.00000000
553.64355469;	1.43137252
553.65112305;	1.66666663
553.65112305;	2.00000000
553.65112305;	2.01960778
553.66345215;	1.90196073
553.66345215;	1.72549021
553.66345215;	1.62745094
553.66345215;	1.47058821
553.67572021;	1.13725495
553.67572021;	0.94117647
553.67572021;	0.96078432
553.67572021;	1.11764705
553.68798828;	1.70588231
553.68798828;	1.86274505
553.68798828;	1.80392158
553.68798828;	1.70588231
553.69616699;	1.47058821
553.69616699;	1.05882359
553.69616699;	0.13725491
553.70843506;	0.01960784
553.70843506;	0.41176471
553.70843506;	1.07843137
553.70843506;	1.25490201
553.72094727;	1.07843137
553.72094727;	0.88235295
553.72094727;	0.86274511
553.72094727;	0.70588237
553.73303223;	0.33333334
553.73303223;	0.50980395
553.73303223;	1.05882359
553.73303223;	1.66666663
553.74157715;	1.66666663
553.74157715;	1.60784316
553.75354004;	1.78431368
553.75354004;	2.01960778
553.75354004;	2.31372547
553.75354004;	2.72549009
553.76586914;	2.94117641
553.76586914;	2.74509811
553.76586914;	2.47058821
553.76586914;	2.45098042
553.77813721;	2.52941179
553.77813721;	2.45098042
553.77813721;	2.27450991
553.77813721;	1.90196073
553.78625488;	1.68627453
553.78625488;	1.54901958
553.79858398;	1.68627453
553.79858398;	1.66666663
553.79858398;	1.54901958
553.79858398;	1.49019611
553.81091309;	1.49019611
553.81091309;	1.50980389
553.81091309;	1.52941179
553.81091309;	1.54901958
553.82330322;	1.54901958
553.82330322;	1.50980389
553.82330322;	1.49019611
553.82330322;	1.49019611
553.83142090;	1.47058821
553.83142090;	1.52941179
553.84368896;	1.84313726
553.84368896;	2.01960778
553.84368896;	2.21568632
553.84368896;	2.33333325
553.85601807;	2.33333325
553.85601807;	2.13725495
553.85601807;	1.60784316
553.85601807;	1.03921568
553.86810303;	1.29411769
553.86810303;	2.09803915
553.86810303;	2.88235283
553.86810303;	2.82352948
553.87640381;	2.27450991
553.87640381;	1.15686274
553.88873291;	2.35294127
553.88873291;	3.62745094
553.88873291;	3.29411769
553.88873291;	1.96078432
553.90100098;	1.47058821
553.90100098;	2.05882359
553.90100098;	2.90196085
553.90100098;	3.21568632
553.91326904;	2.90196085
553.91326904;	2.39215684
553.91326904;	2.23529410
553.91326904;	2.84313726
553.92553711;	3.21568632
553.92553711;	2.43137264
553.92553711;	1.52941179
553.92553711;	1.17647064
553.93377686;	1.76470590
553.93377686;	2.60784316
553.93377686;	2.94117641
553.94610596;	2.31372547
553.94610596;	1.74509799
553.94610596;	1.82352936
553.94610596;	2.37254906
553.95831299;	3.00000000
553.95831299;	1.19607842
553.95831299;	0.00000000
553.95831299;	0.96078432
553.97070313;	3.47058821
553.97070313;	3.98039222
553.97070313;	3.11764717
553.97070313;	3.15686274
553.97888184;	4.45098019
553.97888184;	4.98039198
553.97888184;	4.98039198
553.99114990;	4.84313726
553.99114990;	4.41176462
553.99114990;	4.01960802
553.99114990;	3.66666675
554.00341797;	3.05882359
554.00341797;	2.78431368
554.00341797;	3.09803915
554.00341797;	3.23529410
554.01574707;	3.43137264
554.01574707;	3.98039222
554.01574707;	4.01960802
554.01574707;	4.15686274
554.02398682;	3.98039222
554.02398682;	3.66666675
554.02398682;	3.15686274
554.03619385;	1.80392158
554.03619385;	0.49019608
554.03619385;	1.47058821
554.03619385;	2.09803915
554.04846191;	3.98039222
554.04846191;	3.13725495
554.04846191;	2.62745094
554.04846191;	4.98039198
554.06072998;	4.98039198
554.06072998;	4.98039198
554.06072998;	4.98039198
554.06072998;	4.98039198
554.06896973;	4.98039198
554.06896973;	4.76470566
554.06896973;	4.43137264
554.08123779;	4.07843161
554.08123779;	3.76470590
554.08123779;	3.60784316
554.08123779;	3.50980401
554.09356689;	3.45098042
554.09356689;	3.41176462
554.09356689;	3.35294127
554.09356689;	3.25490189
554.10589600;	3.29411769
554.10589600;	3.43137264
554.10589600;	3.64705873
554.10589600;	3.88235283
554.11395264;	4.05882359
554.11395264;	4.19607830
554.11395264;	4.17647076
554.12628174;	4.01960802
554.12628174;	4.01960802
554.12628174;	4.03921556
554.12628174;	3.96078420
554.13854980;	3.68627453
554.13854980;	3.84313726
554.13854980;	4.09803915
554.13854980;	4.49019623
554.15093994;	4.25490189
554.15093994;	2.43137264
554.15093994;	1.50980389
554.15093994;	2.82352948
554.15911865;	4.07843161
554.15911865;	4.56862736
554.15911865;	4.66666651
554.17144775;	4.80392170
554.17144775;	4.45098019
554.17144775;	4.03921556
554.17144775;	3.60784316
554.18353271;	3.05882359
554.18353271;	2.82352948
554.18353271;	2.92156863
554.18353271;	3.05882359
554.19592285;	3.07843137
554.19592285;	3.15686274
554.19592285;	3.21568632
554.19592285;	3.11764717
554.20416260;	2.90196085
554.20416260;	2.72549009
554.20416260;	2.74509811
554.21643066;	2.76470590
554.21643066;	2.76470590
554.21643066;	2.78431368
554.21643066;	2.80392146
554.22869873;	2.17647052
554.22869873;	1.19607842
554.22869873;	0.76470590
554.22869873;	1.13725495
554.24102783;	1.84313726
554.24102783;	2.62745094
554.24102783;	3.23529410
554.24102783;	3.84313726
554.24914551;	4.15686274
554.24914551;	3.98039222
554.26153564;	3.47058821
554.26153564;	3.09803915
554.26153564;	2.68627453
554.26153564;	2.60784316
554.27386475;	2.78431368
554.27386475;	3.00000000
554.27386475;	3.17647052
554.27386475;	3.25490189
554.28607178;	3.33333325
554.28607178;	3.33333325
554.28607178;	3.23529410
554.28607178;	3.11764717
554.29425049;	3.07843137
554.29425049;	3.05882359
554.30657959;	2.90196085
554.30657959;	2.84313726
554.30657959;	2.78431368
554.30657959;	2.78431368
554.31884766;	2.56862736
554.31884766;	2.50980401
554.31884766;	2.70588231
554.31884766;	2.90196085
554.33135986;	2.88235283
554.33135986;	2.86274505
554.33135986;	2.88235283
554.33135986;	2.84313726
554.33966064;	2.94117641
554.33966064;	3.01960778
554.35168457;	3.09803915
554.35168457;	3.17647052
554.35168457;	3.13725495
554.35168457;	3.00000000
554.36401367;	2.82352948
554.36401367;	2.78431368
554.36401367;	2.78431368
554.36401367;	2.80392146
554.37622070;	2.84313726
554.37622070;	2.86274505
554.37622070;	2.90196085
554.37622070;	2.88235283
554.38439941;	2.80392146
554.38439941;	2.62745094
554.39666748;	2.49019599
554.39666748;	2.72549009
554.39666748;	2.45098042
554.39666748;	2.25490189
554.40899658;	2.58823538
554.40899658;	2.82352948
554.40899658;	2.84313726
554.40899658;	2.98039222
554.42120361;	3.11764717
554.42120361;	3.07843137
554.42120361;	2.94117641
554.42120361;	2.70588231
554.43353271;	2.58823538
554.43353271;	2.56862736
554.43353271;	2.52941179
554.43353271;	2.52941179
554.44171143;	2.56862736
554.44171143;	2.62745094
554.44171143;	2.62745094
554.45410156;	2.50980401
554.45410156;	2.39215684
554.45410156;	2.41176462
554.45410156;	2.52941179
554.46618652;	2.56862736
554.46618652;	2.66666675
554.46618652;	2.60784316
554.46618652;	2.39215684
554.47851563;	2.37254906
554.47851563;	2.15686274
554.47851563;	2.01960778
554.47851563;	2.33333325
554.48681641;	2.41176462
554.48681641;	2.62745094
554.48681641;	2.62745094
554.49902344;	2.31372547
554.49902344;	2.25490189
554.49902344;	2.35294127
554.49902344;	2.31372547
554.51135254;	2.64705873
554.51135254;	2.86274505
554.51135254;	2.82352948
554.51135254;	2.72549009
554.52362061;	2.45098042
554.52362061;	2.25490189
554.52362061;	1.74509799
554.52362061;	1.72549021
554.53173828;	2.11764717
554.53173828;	2.33333325
554.53173828;	2.56862736
554.54406738;	2.82352948
554.54406738;	3.49019599
554.54406738;	3.01960778
554.54406738;	2.07843137
554.55645752;	2.23529410
554.55645752;	2.29411769
554.55645752;	2.31372547
554.55645752;	2.47058821
554.56872559;	2.21568632
554.56872559;	2.29411769
554.56872559;	2.25490189
554.56872559;	2.19607854
554.57745361;	2.33333325
554.57745361;	2.47058821
554.57745361;	2.62745094
554.58923340;	2.60784316
554.58923340;	2.52941179
554.58923340;	2.68627453
554.58923340;	2.52941179
554.60150146;	1.82352936
554.60150146;	1.62745094
554.60150146;	1.52941179
554.60150146;	0.68627453
554.61383057;	1.37254906
554.61383057;	2.64705873
554.61383057;	3.17647052
554.61383057;	3.43137264
554.62200928;	2.92156863
554.62200928;	2.66666675
554.62200928;	2.29411769
554.63446045;	2.56862736
554.63446045;	1.70588231
554.63446045;	1.96078432
554.63446045;	2.23529410
554.64654541;	2.31372547
554.64654541;	2.52941179
554.64654541;	2.05882359
554.64654541;	1.78431368
554.65881348;	1.86274505
554.65881348;	1.09803927
554.65881348;	1.52941179
554.65881348;	1.64705884
554.66699219;	1.72549021
554.66699219;	1.96078432
554.66699219;	2.41176462
554.67926025;	2.03921580
554.67926025;	1.66666663
554.67926025;	1.13725495
554.67926025;	1.25490201
554.69165039;	2.25490189
554.69165039;	2.66666675
554.69165039;	2.35294127
554.69165039;	2.11764717
554.70397949;	1.31372547
554.70397949;	2.13725495
554.70397949;	2.88235283
554.70397949;	2.21568632
554.71209717;	1.56862748
554.71209717;	1.29411769
554.71209717;	0.70588237
554.72442627;	1.33333337
554.72442627;	1.43137252
554.72442627;	2.82352948
554.72442627;	4.72549009
554.73675537;	4.98039198
554.73675537;	4.88235283
554.73675537;	4.98039198
554.73675537;	4.17647076
554.74908447;	2.43137264
554.74908447;	0.37254903
554.74908447;	0.96078432
554.74908447;	2.47058821
554.75720215;	3.45098042
554.75720215;	2.52941179
554.76947021;	3.35294127
554.76947021;	2.90196085
554.76947021;	2.52941179
554.76947021;	0.47058824
554.78179932;	0.00000000
554.78179932;	0.00000000
554.78179932;	1.54901958
554.78179932;	4.98039198
554.79406738;	4.98039198
554.79406738;	4.98039198
554.79406738;	4.90196085
554.79406738;	2.13725495
554.80230713;	1.90196073
554.80230713;	2.45098042
554.81457520;	3.35294127
554.81457520;	4.98039198
554.81457520;	4.98039198
554.81457520;	4.15686274
554.82684326;	2.60784316
554.82684326;	1.62745094
554.82684326;	1.68627453
554.82684326;	2.03921580
554.83923340;	2.00000000
554.83923340;	1.88235295
554.83923340;	1.68627453
554.83923340;	1.82352936
554.84735107;	2.35294127
554.84735107;	2.78431368
554.85955811;	2.37254906
554.85955811;	1.86274505
554.85955811;	1.54901958
554.85955811;	1.50980389
554.87188721;	1.62745094
554.87188721;	1.52941179
554.87188721;	1.17647064
554.87188721;	0.05882353
554.88421631;	0.00000000
554.88421631;	0.50980395
554.88421631;	0.84313726
554.88421631;	0.78431374
554.89245605;	0.82352942
554.89245605;	0.68627453
554.90466309;	0.47058824
554.90466309;	0.90196079
554.90466309;	1.19607842
554.90466309;	1.47058821
554.91680908;	1.88235295
554.91680908;	2.11764717
554.91680908;	2.01960778
554.91680908;	1.43137252
554.92919922;	1.33333337
554.92919922;	1.80392158
554.92919922;	1.96078432
554.92919922;	1.25490201
554.94152832;	1.07843137
554.94152832;	1.86274505
554.94152832;	1.80392158
554.94152832;	1.19607842
554.94964600;	1.35294116
554.94964600;	2.23529410
554.94964600;	2.74509811
554.96203613;	2.45098042
554.96203613;	2.13725495
554.96203613;	2.54901958
554.96203613;	2.82352948
554.97430420;	2.72549009
554.97430420;	2.50980401
554.97430420;	2.01960778
554.97430420;	1.60784316
554.98651123;	1.15686274
554.98651123;	0.98039216
554.98651123;	1.98039210
554.98651123;	3.01960778
554.99475098;	3.21568632
554.99475098;	2.68627453
554.99475098;	2.47058821
555.00701904;	1.82352936
555.00701904;	1.35294116
555.00701904;	1.29411769
555.00701904;	1.98039210
555.01934814;	2.70588231
555.01934814;	3.17647052
555.01934814;	3.00000000
555.01934814;	2.39215684
555.03167725;	2.07843137
555.03167725;	2.05882359
555.03167725;	2.19607854
555.03167725;	2.43137264
555.03985596;	2.58823538
555.03985596;	2.45098042
555.03985596;	2.31372547
555.05206299;	1.94117641
555.05206299;	1.76470590
555.05206299;	1.80392158
555.05206299;	2.09803915
555.06433105;	2.25490189
555.06433105;	2.05882359
555.06433105;	1.98039210
555.06433105;	1.96078432
555.07672119;	2.17647052
555.07672119;	2.43137264
555.07672119;	2.94117641
555.07672119;	3.27450991
555.08496094;	2.17647052
555.08496094;	0.74509805
555.08496094;	0.96078432
555.09710693;	2.17647052
555.09710693;	2.80392146
555.09710693;	2.86274505
555.09710693;	2.64705873
555.10943604;	2.05882359
555.10943604;	1.68627453
555.10943604;	1.50980389
555.10943604;	1.64705884
555.12176514;	1.74509799
555.12176514;	1.54901958
555.12176514;	1.17647064
555.12176514;	0.98039216
555.13000488;	0.88235295
555.13000488;	0.86274511
555.13000488;	0.94117647
555.14221191;	1.13725495
555.14221191;	1.35294116
555.14221191;	0.78431374
555.14221191;	0.86274511
555.15454102;	1.29411769
555.15454102;	2.07843137
555.15454102;	2.70588231
555.15454102;	2.86274505
555.16680908;	2.82352948
555.16680908;	2.74509811
555.16680908;	2.64705873
555.16680908;	2.56862736
555.17498779;	2.54901958
555.17498779;	2.54901958
555.17498779;	2.66666675
555.18725586;	2.64705873
555.18725586;	2.21568632
555.18725586;	2.17647052
555.18725586;	2.00000000
555.19964600;	1.94117641
555.19964600;	2.23529410
555.19964600;	2.84313726
555.19964600;	3.39215684
555.21185303;	3.41176462
555.21185303;	3.17647052
555.21185303;	2.80392146
555.21185303;	2.52941179
555.22009277;	2.05882359
555.22009277;	1.88235295
555.22009277;	2.00000000
555.23229980;	2.33333325
555.23229980;	2.25490189
555.23229980;	2.09803915
555.23229980;	2.09803915
555.24456787;	2.23529410
555.24456787;	2.35294127
555.24456787;	2.39215684
555.24456787;	2.27450991
555.25689697;	1.94117641
555.25689697;	1.45098042
555.25689697;	1.70588231
555.25689697;	2.25490189
555.26507568;	2.86274505
555.26507568;	2.88235283
555.27740479;	2.78431368
555.27740479;	2.94117641
555.27740479;	2.82352948
555.27740479;	1.80392158
555.28967285;	1.37254906
555.28967285;	1.62745094
555.28967285;	1.82352936
555.28967285;	2.19607854
555.30200195;	2.72549009
555.30200195;	3.01960778
555.30200195;	3.15686274
555.30200195;	2.76470590
555.31018066;	2.37254906
555.31018066;	1.70588231
555.32244873;	0.11764706
555.32244873;	1.35294116
555.32244873;	2.98039222
555.32244873;	3.54901958
555.33471680;	3.58823538
555.33471680;	2.82352948
555.33471680;	2.11764717
555.33471680;	1.90196073
555.34704590;	2.17647052
555.34704590;	2.19607854
555.34704590;	1.78431368
555.34704590;	1.45098042
555.35522461;	1.19607842
555.35522461;	1.82352936
555.36749268;	2.05882359
555.36749268;	1.19607842
555.36749268;	1.68627453
555.36749268;	3.11764717
555.37969971;	3.23529410
555.37969971;	3.49019599
555.37969971;	3.39215684
555.37969971;	2.78431368
555.39208984;	1.74509799
555.39208984;	1.72549021
555.39208984;	2.78431368
555.39208984;	3.76470590
555.40020752;	4.11764717
555.40020752;	4.17647076
555.41247559;	2.74509811
555.41247559;	2.01960778
555.41247559;	2.23529410
555.41247559;	1.29411769
555.42480469;	1.37254906
555.42480469;	3.09803915
555.42480469;	4.62745094
555.42480469;	4.82352924
555.43707275;	4.98039198
555.43707275;	4.62745094
555.43707275;	4.01960802
555.43707275;	3.11764717
555.44946289;	2.47058821
555.44946289;	2.76470590
555.44946289;	3.52941179
555.44946289;	3.92156863
555.45758057;	3.54901958
555.45758057;	2.76470590
555.45758057;	2.25490189
555.46997070;	1.98039210
555.46997070;	1.05882359
555.46997070;	1.72549021
555.46997070;	3.45098042
555.48217773;	4.66666651
555.48217773;	4.98039198
555.48217773;	4.98039198
555.48217773;	4.98039198
555.49444580;	4.96078444
555.49444580;	4.62745094
555.49444580;	4.21568632
555.49444580;	3.90196085
555.50268555;	3.58823538
555.50268555;	3.39215684
555.50268555;	3.21568632
555.51489258;	3.09803915
555.51489258;	3.03921580
555.51489258;	2.86274505
555.51489258;	2.80392146
555.52722168;	2.70588231
555.52722168;	1.37254906
555.52722168;	0.78431374
555.52722168;	2.01960778
555.53948975;	3.11764717
555.53948975;	3.41176462
555.53948975;	3.50980401
555.53948975;	3.78431368
555.54766846;	3.66666675
555.54766846;	3.31372547
555.54766846;	3.27450991
555.55993652;	3.50980401
555.55993652;	3.88235283
555.55993652;	4.01960802
555.55993652;	4.13725471
555.57226563;	4.17647076
555.57226563;	3.98039222
555.57226563;	3.70588231
555.57226563;	3.52941179
555.58459473;	3.41176462
555.58459473;	3.35294127
555.58459473;	3.21568632
555.58459473;	3.13725495
555.59277344;	3.09803915
555.59277344;	3.03921580
555.59277344;	2.94117641
555.60504150;	2.78431368
555.60504150;	2.74509811
555.60504150;	2.78431368
555.60504150;	2.21568632
555.61737061;	1.70588231
555.61737061;	1.96078432
555.61737061;	2.66666675
555.61737061;	3.15686274
555.62969971;	3.37254906
555.62969971;	3.54901958
555.62969971;	3.56862736
555.62969971;	2.90196085
555.63781738;	2.00000000
555.63781738;	1.94117641
555.63781738;	2.49019599
555.65014648;	3.01960778
555.65014648;	3.39215684
555.65014648;	3.52941179
555.65014648;	3.68627453
555.66235352;	3.56862736
555.66235352;	3.35294127
555.66235352;	3.21568632
555.66235352;	3.13725495
555.67468262;	3.11764717
555.67468262;	3.07843137
555.67468262;	3.05882359
555.67468262;	3.07843137
555.68298340;	3.07843137
555.68298340;	3.03921580
555.68298340;	3.00000000
555.69512939;	2.94117641
555.69512939;	2.56862736
555.69512939;	2.41176462
555.69512939;	2.23529410
555.70745850;	2.15686274
555.70745850;	2.37254906
555.70745850;	2.49019599
555.70745850;	2.84313726
555.71972656;	3.29411769
555.71972656;	3.52941179
555.71972656;	3.56862736
555.71972656;	3.41176462
555.72790527;	3.31372547
555.72790527;	3.00000000
555.72790527;	2.84313726
555.74023438;	2.94117641
555.74023438;	3.03921580
555.74023438;	3.19607854
555.74023438;	3.33333325
555.75250244;	3.31372547
555.75250244;	3.23529410
555.75250244;	3.19607854
555.75250244;	3.15686274
555.76483154;	3.13725495
555.76483154;	3.07843137
555.76483154;	3.01960778
555.76483154;	3.01960778
555.77301025;	3.03921580
555.77301025;	3.07843137
555.77301025;	3.13725495
555.78527832;	3.00000000
555.78527832;	2.54901958
555.78527832;	2.15686274
555.78527832;	2.13725495
555.79760742;	2.54901958
555.79760742;	2.92156863
555.79760742;	3.23529410
555.79760742;	3.41176462
555.80987549;	3.47058821
555.80987549;	3.43137264
555.80987549;	3.31372547
555.80987549;	3.15686274
555.81805420;	3.05882359
555.81805420;	2.98039222
555.83032227;	2.94117641
555.83032227;	2.92156863
555.83032227;	2.92156863
555.83032227;	2.96078420
555.84265137;	2.98039222
555.84265137;	2.86274505
555.84265137;	2.84313726
555.84265137;	2.86274505
555.85491943;	2.82352948
555.85491943;	2.84313726
555.85491943;	2.86274505
555.85491943;	2.78431368
555.86309814;	2.68627453
555.86309814;	2.68627453
555.87542725;	2.49019599
555.87542725;	2.33333325
555.87542725;	2.45098042
555.87542725;	2.52941179
555.88769531;	2.27450991
555.88769531;	2.41176462
555.88769531;	2.62745094
555.88769531;	2.70588231
555.90002441;	2.74509811
555.90002441;	2.82352948
555.90002441;	2.64705873
555.90002441;	2.49019599
555.90820313;	2.50980401
555.90820313;	2.64705873
555.92047119;	2.78431368
555.92047119;	2.82352948
555.92047119;	2.78431368
555.92047119;	2.64705873
555.93280029;	2.49019599
555.93280029;	2.41176462
555.93280029;	2.39215684
555.93280029;	2.45098042
555.94500732;	2.50980401
555.94500732;	2.54901958
555.94500732;	2.50980401
555.94500732;	2.39215684
555.95733643;	2.11764717
555.95733643;	1.78431368
555.95733643;	1.86274505
555.95733643;	2.21568632
555.96545410;	2.43137264
555.96545410;	2.50980401
555.96545410;	2.49019599
555.97784424;	2.64705873
555.97784424;	2.72549009
555.97784424;	2.49019599
555.97784424;	2.43137264
555.99011230;	2.35294127
555.99011230;	2.21568632
555.99011230;	1.98039210
555.99011230;	2.07843137
556.00238037;	2.45098042
556.00238037;	2.66666675
556.00238037;	2.49019599
556.00238037;	2.62745094
